pid,name,active,rating,start_date,delinquency_rate,default_rate,total_amount_raised,loans_posted,charges_FI,ALSPCI,loans_at_risk_rate,currency_exchange_loss_rate
1,East Africa Beta,0,0.0,2005-04-15T17:00:00Z,0,9.19172932331,26600,62,1,0,0,0
2,The Shurush Initiative,0,0.0,2006-02-15T18:00:00Z,0,57.1577272727,4400,15,1,0,0,0
3,Regional Economic Development Center (REDC Bulgari,0,0.0,2006-02-15T18:00:00Z,0,14.4550408719,36700,44,1,0,0,0
4,Senegal Ecovillage Microfinance Fund (SEM),0,0.0,2006-02-15T18:00:00Z,0,5.12927092199,352500,350,1,0,0,0.00809361702128
5,Prisma Microfinance,0,0.0,2006-02-15T18:00:00Z,0,0,399925,1136,1,0,0,0
6,Women`s Economic Empowerment Consort (WEEC),0,0.0,2006-03-15T18:00:00Z,0,38.001789496,472200,2031,1,0,0,0
7,MIFEX,0,0.0,2006-04-23T19:12:27Z,0,24.1378780069,1396800,2651,1,0,0,0
8,Life in Africa Foundation (LiA),0,0.0,2006-04-18T01:21:41Z,0,0,37700,135,1,0,0,0
9,KREDIT Ltd.,1,4.5,2006-05-03T15:56:20Z,0.0929955786878,0.0245797019045,9247225,11261,1,93.6,0.147507115243,0
10,Youth Self Employment Foundation (YOSEFO),0,0.0,2006-04-24T16:14:12Z,0,0.00982229631469,704825,997,1,0,0,0
11,Women's Initiative to Eradicate Poverty (WITEP),0,0.0,2006-05-10T14:49:03Z,0,0,4500,306,1,0,0,0
13,Adelante Foundation,0,0.0,2006-07-24T07:52:33Z,0,0,1500,3,1,0,0,0
15,South Pacific Business Development (SPBD),1,2.5,2006-08-01T01:22:22Z,0.597498051612,0.101722983851,6500150,9980,1,10.6,1.45746744318,0.00240040614447
16,Admic Nacional,0,0.0,2006-08-31T19:20:48Z,0,0,1683000,3349,1,0,0,0
17,Microinvest,0,0.0,2006-10-27T00:20:49Z,0,0,370300,294,1,94.98,0,0
18,Credituyo,0,3.0,2006-10-02T14:28:23Z,100,0.949802900916,3659925,5117,1,4.3,100,0.0503078614999
19,Kraban Support Foundation (KSF),0,0.0,2006-11-08T01:27:45Z,0,0,502200,600,1,0,0,0
20,Lift Above Poverty Organization (LAPO),0,0.0,2006-11-03T07:38:55Z,0,0,4976700,8593,1,10.8,0,0
21,Mikrofond EAD,0,0.0,2006-10-27T00:20:24Z,0,0,337600,258,1,0,0,0
22,Microfund Togo,0,0.0,2006-11-07T01:16:09Z,0,20.7214468575,2388625,3586,1,0,0,0.0074017478675
23,Hluvuku-Adsema,1,2.5,2006-11-18T18:36:56Z,0.541628123132,0.267243916408,2141625,3561,1,97.6,1.72262728103,0.276544212922
24,K-Met Savings and Credit Cooperative Ltd,0,0.0,2006-11-14T17:44:51Z,0,0,361650,913,1,0,0,0
25,Ebony Foundation (Eb-F),0,0.0,2006-11-13T20:37:50Z,0,51.9625516673,697975,1666,1,0,0,0
26,"HOPE Ukraine, a HOPE International institution",1,3.0,2006-12-17T01:39:53Z,1.06148270332,0.0456002419111,5700250,4178,1,40.2,2.61841910376,3.32122310425
27,People Microcredit Investment Bureau (PEMCI),0,0.0,2006-12-14T23:07:40Z,0,19.7414791573,111550,493,1,0,0,0
30,Komak Credit Union,1,2.5,2006-12-09T18:09:19Z,0,0.0415205811707,4722650,2916,1,46.7,0,0.299373233248
31,Norwegian Microcredit LLC (Normicro),0,0.0,2006-12-09T06:39:45Z,0,0,1149925,1447,1,0,0,0
32,Supporting Enterprises for Economic Development (S,0,0.0,2007-01-31T16:18:45Z,0,18.7319114688,74550,446,1,0,0,0
33,Rural Agency for Development (RAFODE),0,0.0,2007-01-04T17:40:46Z,0,0,0,48,1,0,0,0
34,Ariana Financial Services Joint Stock Company (AFS,0,0.0,2007-01-18T21:51:39Z,0,6.83015992574,1885250,2915,1,169.75,0,0
36,Action Now: Kenya (ANK),0,0.0,2007-02-17T20:26:58Z,0,35.5174234093,127300,349,1,0,0,0
37,Share an Opportunity Microfinance Ltd. (SAO MFI),0,0.0,2007-02-26T07:22:43Z,0,5.06777546778,60125,73,1,0,0,0
40,Grounded and Holistic Approach for People's Empowe,1,0,2007-02-19T01:40:29Z,0,0.375718469348,593500,1158,1,18.4,0,0.219177759056
41,Mekong Plus,0,0.0,2007-03-06T22:17:52Z,0,0,27775,383,1,0,0,0
42,Credit Mongol,1,3.5,2010-04-14T07:50:03Z,0,0,4719475,2512,1,137.8,0,3.68016802716
43,Family Business Partners/Ganesha (MBK),0,0.0,2007-02-15T07:53:59Z,0,0,74925,796,1,0,0,0
44,"Esperanza International Dominican Republic, a part",1,2.5,2007-02-20T05:17:43Z,4.93934177152,0.492095302149,7595525,3265,1,5.3,10.4397872016,0.03137110338
45,HELP Africa,0,0.0,2007-04-04T00:46:46Z,0,47.0022343921,45650,162,1,0,0,0
46,"HOPE DRC, a HOPE International institution",0,0.0,2007-02-22T06:46:31Z,0,0.0714645081225,2236075,621,1,70.68,0,0
47,"MLF Microinvest, a partner of ACDI/VOCA",0,0.0,2007-03-06T22:42:46Z,0,0,2086650,3200,1,0,0,0
48,IMPRO,1,3.5,2007-03-26T06:25:30Z,0.591445739742,0,3300875,4943,1,51.6,2.98460990897,0
49,Urban Ministry,0,0.0,2007-04-19T22:14:11Z,0,0,4900,6,1,0,0,0
50,Iraqi Al-Aman Center/Kirkuk,0,0.0,2007-05-07T20:27:41Z,0,0,190200,164,1,0,0,0
51,Alternativa Solidaria Chiapas (AlSol),0,0.0,2007-05-21T21:49:34Z,0,0,429825,503,1,0,0,0
52,ACODE Finance,0,0.0,2007-05-13T22:29:08Z,0,0,0,61,1,0,0,0
53,Afrique Emergence & Investissements (AE&I),0,0.0,2007-04-26T19:07:59Z,0,0,192575,235,1,0,0,0
54,"Women's Trust, Inc.",0,0.0,2007-05-06T14:44:02Z,0,0,1500,3,1,0,0,0
55,Friendship Bridge,1,3.0,2007-05-07T14:47:26Z,0.0346445977514,0,1882325,630,1,8.5,0.0346445977514,0
56,Aqroinvest Credit Union,1,3.0,2007-05-08T07:15:20Z,0.0737786520145,0.0218911491487,5887825,3997,1,57.5,1.44781139898,0.280258329689
57,"Salone Microfinance Trust (SMT), a partner of Chil",1,3.0,2007-05-22T00:50:38Z,91.8654940237,0.231936064957,4083575,4532,1,40.2,100,0
58,Fundación Paraguaya,1,4.5,2007-05-23T18:53:44Z,2.16180731529,0.105504594995,27861500,14264,1,11.3,3.09986218561,0.013813434309
59,Fundación Pro Mujer,1,3.5,2007-07-18T06:16:15Z,0.0245766382977,0.00900729088314,9675900,3170,1,20.2,0.141942711155,0
60,Asasah,0,2.5,2007-08-02T09:35:03Z,99.8475454922,0.13232413382,6896850,6864,1,9.56,100,0.00948780965223
61,MAXIMA Mikroheranhvatho,1,3.0,2007-05-29T04:13:27Z,0,0.0039470896521,3812650,5378,1,115.5,0,0
62,Patan Business and Professional Women,1,1.5,2007-09-27T05:21:38Z,0,0,415225,1507,1,28.5,0,0.154362092841
63,MLO Humo and Partners,1,4.0,2007-06-05T21:23:50Z,0.860632617257,0.152698074633,8296300,8453,1,72.1,2.42911450592,0.109215433386
64,"Fundo De Desenvolvimento Mulher (FDM), a partner o",0,0.0,2007-08-02T09:35:03Z,0,0,112050,296,1,0,0,0
65,BRAC Uganda,1,3.5,2007-12-22T21:17:06Z,2.8831963349,0.0352037250116,5254100,6535,1,31,10.4969035657,0.165800041872
66,"Fundación San Miguel Arcángel, Inc. (FSMA)",0,0.0,2007-06-20T23:50:58Z,0,27.7958955789,593750,1672,1,0,0,0
67,TYM Fund,0,0.0,2007-06-25T03:12:44Z,0,0,1591425,2206,1,20.3,0,0
70,FINCA Peru,0,0.0,2007-07-24T02:43:16Z,0,0,4685225,6022,1,6.7,0,0
71,Microfinanzas Prisma,0,2.5,2007-07-18T21:41:05Z,100,0.635070603784,11819825,21100,1,11.1,100,0.000154401609161
72,Manuela Ramos / CrediMUJER,0,0.0,2007-08-24T16:25:03Z,0,0.00592462689662,4219675,8595,1,6.44,0,0
73,"Fundación AgroCapital, a partner of ACDI/VOCA",0,0.0,2007-08-30T00:55:04Z,0,0,2955225,1392,1,0,0,0
74,CEPRODEL,1,1.5,2007-10-09T03:50:50Z,0,0.175663763357,4291100,8610,1,71,0,0.00175293048403
76,ADEPHCA,0,0.0,2007-10-31T03:43:03Z,0,24.7957674761,169875,408,1,0,0,0
77,Al Majmoua Lebanese Association for Development,1,4.0,2007-09-12T11:15:03Z,0.419012843293,0.164570410933,8657200,6043,1,9.4,0.617227403584,0
78,"Soro Yiriwaso, a partner of Save the Children",1,2.0,2008-02-13T02:40:06Z,0,0,9011350,9684,1,17.7,0,1.08021062327
79,Yamida (Yayasan Mitra Dhuafa),0,0.0,2007-09-21T16:25:04Z,0,0,1450,13,1,0,0,0
80,Palestine for Credit & Development (FATEN),1,4.0,2009-06-18T19:20:05Z,0.88558666541,0.573909968136,7450825,4943,1,129.3,4.26754402153,0
81,Apoyo Integral,1,4.0,2007-12-19T06:40:05Z,1.25848882896,1.51114289504,8836100,15212,1,53.8,6.32790925921,0
82,Koperasi  Mitra Usaha Kecil (MUK),1,2.5,2007-08-31T08:25:04Z,0.049341645366,0.0799143019061,1995725,2090,1,2.8,1.15665466535,0.808186999712
84,Pearl Microfinance Limited,0,0.0,2007-09-09T15:20:03Z,0,0.391503200566,8096225,3673,1,43.6,0,0.00724720471578
85,SEDA,1,1.5,2007-10-31T05:15:04Z,39.0303392339,0,2219225,2706,1,14,100,0
87,Tujijenge Tanzania Ltd,1,3.0,2007-11-07T21:20:04Z,7.79559843892,0.196246395277,9724100,3632,1,0,10.4117879834,0.0185244906984
88,Sinapi Aba Trust (SAT),0,0.0,2007-11-07T14:05:05Z,0,0,3895025,5623,1,19.3,0,0.00180589341532
90,Sero Lease and Finance Ltd. (SELFINA),0,0.0,2007-11-17T17:55:04Z,0,12.5705914376,1184825,3579,1,0,0,0
91,Christian Rural Aid Network (CRAN),0,1.0,2007-12-06T10:15:04Z,0,5.42003655257,3830100,10981,1,0,0,0.453627842615
92,Opportunity International- Wedco Ltd.,0,0.0,2007-12-11T01:58:00Z,0,0,155375,56,1,0,0,0
93,EDAPROSPO,1,3.0,2007-12-27T00:00:25Z,0,0,8532325,4222,1,7.8,0,0.000912412501868
96,León 2000 IMF,1,2.0,2008-04-11T06:10:09Z,0,0.215954420329,4740450,7562,1,55.7,0,0.00255060173612
97,FAPE,1,2.0,2007-12-11T02:25:05Z,0,1.30007478294,1926575,2493,1,7.5,0,0
98,AFODENIC,1,2.5,2007-12-17T07:45:04Z,5.2186656551,0.737483521194,5706400,9164,1,131.7,10.6279928524,0.00762179307444
99,FECECAV,0,0.0,2007-12-12T07:20:05Z,0,7.06574783294,1269000,2626,1,100,0,0.0174066193853
100,"CSC MDO ""IMON International""",1,4.5,2007-12-24T17:55:13Z,0.864313705533,0.0450744210076,12490775,11146,1,113.2,2.3583479147,0.086967542046
101,"Zene za Zene, a partner of Women for Women Interna",0,0.0,2007-12-18T17:09:42Z,0,0,441325,608,1,18.55,0,0
102,BRAC Tanzania,0,0.0,2007-12-22T21:20:32Z,0,0,1392625,3360,1,0,0,0
104,Alidé,1,3.0,2008-01-30T02:25:05Z,84.2734643959,0.257586661406,3361950,5491,1,23,100,0.278728119098
105,"CAURIE Microfinance, a partner of Catholic Relief ",1,2.5,2008-02-22T11:50:10Z,0,0,7814925,3913,1,14.2,0,0.674832196086
106,"Hattha Kaksekar Limited (HKL), a partner of Save t",1,4.5,2008-02-14T21:40:06Z,0,0.031277201343,6443625,10290,1,143,0,0
107,BRAC South Sudan,0,0.0,2008-03-01T17:00:11Z,0,0.0132958963283,1736250,5008,1,0,0,2.44039107271
108,"UIMCEC, a partner of ChildFund International",1,2.5,2008-02-09T04:00:10Z,3.90863955593,0.846378141584,3247925,5201,1,79.1,17.240740218,0.390929901399
109,AMK (Angkor Microfinance Kampuchea),0,0.0,2008-02-18T16:10:19Z,0,0,7122575,7834,1,18.33,0,0
110,Emprender,1,3.5,2008-03-10T04:00:06Z,0.124718685891,0.401420625382,7462450,6058,1,27,0.683976224643,0
111,Women and Associations for Gain both Economic and ,1,3.5,2008-03-08T03:00:07Z,7.56812329089,0.941340177681,4406550,5806,1,176.4,11.7754149382,0.176635916987
112,Micro Credit for Development and Transformation SA,1,2.0,2008-03-20T13:00:07Z,1.92886956932,0,2076225,5661,1,25.5,11.295198009,0.0102156558177
113,Asociación ASDIR,1,3.0,2008-05-30T09:10:07Z,85.8567165986,3.05321288469,2805950,2248,1,30.8,88.7034665452,0
115,Vitas. s.a.l.,1,4.0,2008-09-16T21:40:18Z,0,0.0347317610779,4922175,4042,1,12.2,0,0
116,XacBank,1,5.0,2009-01-09T06:40:07Z,0,0.140438496204,8598150,6211,1,196.8,0,1.66594907044
117,"Vision Finance Company s.a. (VFC), a partner of Wo",1,3.0,2008-05-24T13:50:10Z,100,1.71210387247,2884000,3127,1,99.7,100,0.0043165742025
118,"Prisma Honduras, S.A.",1,2.5,2008-07-04T06:40:12Z,4.51991016913,0.730612475421,2719825,4289,1,40.6,8.43773344951,0.0388694125541
119,Asociación Arariwa,1,3.5,2008-08-31T00:40:32Z,0.491742396753,0.0803083388512,14720650,14737,1,12.8,1.17970554771,0.000469612415213
120,ADIM (Asociación Alternativa Para el Desarrollo I,1,2.5,2008-10-01T20:50:41Z,1.88930510943,0.00729481565193,3277500,3793,1,14.2,2.9523053444,0
121,Thanh Hoa Fund for Poor Women (FPW),1,3.0,2008-11-14T02:30:30Z,0.00218374695392,0,4188875,3260,1,10.3,0.081596753767,0.000595147861896
122,Vitas Palestine,1,3.5,2008-11-24T23:40:12Z,1.05028071921,0.666112700774,2113250,1002,1,174.5,17.59295912,0
123,"Alalay sa Kaunlaran, Inc. (ASKI)",1,4.0,2008-11-22T02:00:10Z,11.8422296389,0.248794472478,8377625,19853,1,15.9,13.2733700221,0.000227272049059
124,"Ahon sa Hirap, Inc. (ASHI)",0,0.0,2008-11-14T23:10:22Z,0,0,745300,1763,1,11.41,0,0
125,"Community Economic Ventures, Inc. (CEVI), a partne",1,3.0,2008-11-19T16:10:39Z,0,0.138699609883,3974700,15546,1,6.2,0,0.000146426145369
126,Paglaum Multi-Purpose Cooperative (PMPC),1,3.0,2008-11-21T09:57:59Z,0,0,5633650,15592,1,12.2,0,0.000579375715566
127,EDESA,1,2.5,2009-02-10T01:20:06Z,0,0.838159767234,1237800,1047,1,21.66,0,0.0168726773307
128,"Hagdan Sa Pag-uswag Foundation, Inc. (HSPFI)",0,0.0,2009-02-17T05:01:17Z,0,8.62422063176,3192650,17730,1,4.6,0,3.13219425869e-05
129,Tanaoba Lais Manekat Foundation (TLM),1,3.0,2009-03-12T16:19:31Z,4.48006004707,5.12282401697,642850,960,1,11.5,25.7176065475,1.93646573851
130,VisionFund Mexico,1,3.5,2009-06-21T23:00:05Z,3.39516623885,0.296375342943,7561300,3509,1,3.7,4.2679738387,0.061070318596
131,Accion East,1,3.5,2009-06-10T10:16:04Z,2.03295598937,8.84800581765,3468300,862,1,13.8,9.64104109729,0
132,Opportunity Fund,0,3.5,2009-06-10T10:16:26Z,0,0.357592016709,538625,98,1,67.6,0,0
133,VisionFund Kenya,1,3.0,2009-05-29T11:35:11Z,0,0.470708883476,9561525,21776,1,34.9,0,0.0214709473646
135,MCC Mol Bulak Finance LLC,0,0.0,2009-06-15T03:30:05Z,0,0,2155875,1939,1,49.02,0,0
136,Gata Daku Multi-purpose Cooperative (GDMPC),1,3.0,2009-05-20T14:20:08Z,0.610375923131,0,4322975,14553,1,9.8,2.82290226955,0.000596348579393
137,Fundación ESPOIR,1,3.5,2009-06-28T20:00:05Z,0.181559187332,0.11052561919,10548875,8077,1,14,0.181559187332,0
138,SMEP Microfinance Bank,1,4.0,2009-07-19T04:50:04Z,7.45136685493,0.354692661912,3383750,9275,1,40.1,10.7823517028,0.00622947912819
139,Caja Rural Señor de Luren,1,3.0,2009-10-23T05:50:13Z,3.72620886846,7.91486766398,3570375,6590,1,83.4,18.6387820918,0.0253948114694
140,CIDRE,1,3.5,2009-07-07T03:00:06Z,1.06821521046,2.02776876436,2370575,2008,1,232.8,4.17653147769,0
141,"Local Enterprise Assistance Program (LEAP), a part",0,0.0,2009-06-25T21:20:05Z,0,11.4800146974,952550,2459,1,0,0,0
142,Faulu Kenya,0,0.0,2009-07-19T04:30:05Z,0,0.619151161082,2892775,5945,1,54.8,0,0.0249234731357
143,Edpyme Alternativa,1,3.0,2009-08-11T19:20:06Z,0.536252938683,0.59938576779,4687250,8504,1,21.8,0.697572607568,0.0117168915676
144,Center for Community Transformation Credit Coopera,1,3.0,2009-06-25T04:42:35Z,3.4103830184,0.393694257587,4792500,9510,1,6.7,4.32885863529,3.25508607199e-05
145,"Negros Women for Tomorrow Foundation, Inc. (NWTF)",1,4.5,2009-07-10T23:24:18Z,0.0107153815543,0.0615771165461,19977550,54195,1,5.7,0.0172254922503,0.000364208824405
146,Nor Horizon Universal Credit Organization Limited ,1,3.0,2009-08-03T03:50:06Z,0.620135828242,0,3425950,2273,1,44.6,1.10706109268,0.377096863644
147,Banco D-MIRO S.A.,0,0.0,2009-10-23T21:40:15Z,0,0.834039221112,3614125,3842,1,24,0,0
148,Association for Rural Development (ARD),1,2.0,2009-09-30T18:20:23Z,17.6766039381,5.15666011157,2910100,3551,1,35.84,23.3336116109,0
149,Al-Thiqa Organization,0,0.0,2009-10-26T18:59:00Z,0,0,287600,117,1,64.03,0,0
150,FUDECOSUR,1,3.0,2009-10-08T22:10:17Z,1.4955859462,0.162142599061,1273225,1623,1,14.3,3.30226786107,0.0227987983271
151,Fundacion Mujer,1,2.0,2009-11-23T22:40:17Z,1.28754382947,1.57303404137,1296875,791,1,9.5,7.51509182538,0.025536
152,AREGAK Universal Credit Organization,0,0.0,2010-05-11T04:20:03Z,0,0,298450,191,1,26.18,0,0
153,LAPO Sierra Leone (LAPOSL),0,0.0,2010-03-02T18:40:03Z,0,0.060413354531,31450,58,1,0,0,0
154,Fundación Mario Santo Domingo (FMSD),1,3.0,2009-12-19T08:10:15Z,3.30541140926,0.0253846220385,3311475,4475,1,20.5,12.4475052113,0.711695241546
155,BRAC Sri Lanka,0,0.0,2010-02-04T18:10:07Z,0,0,54300,264,1,0,0,0
156,Juhudi Kilimo,1,3.5,2010-01-15T20:20:17Z,1.47325733027,4.28509654346,4131675,7826,1,49.6,5.54347584958,0.0301463692086
157,Fondo Esperanza,0,0.0,2009-12-28T16:00:18Z,0,0.212577057387,2477050,896,1,3.3,0,0.00369754344886
158,CrediComun,0,0.0,2010-02-09T02:40:08Z,0,0.861428141006,1908425,625,1,3.35,0,0
159,Cooperativa San Jose,1,4.0,2010-01-27T17:40:12Z,1.51812287649,0.261965884318,3501875,4395,1,91.8,1.51812287649,0
160,"Hekima, a partner of World Relief",1,2.5,2010-03-12T17:39:27Z,0,0,7881775,1626,1,41.9,0,0
161,"Urwego Opportunity Bank, a partner of Opportunity ",1,4.0,2010-06-11T05:20:03Z,0,0.0525145554047,7238050,7322,1,57,0,4.40726438751e-05
162,"Turame Community Finance, a partner of World Relie",1,2.5,2010-03-27T14:20:02Z,7.35682181985,1.1966546887,3925425,1369,1,43.3,10.6881019874,0.0228683518345
163,"HOFOKAM Ltd., a partner of Catholic Relief Service",1,3.5,2010-02-24T20:30:13Z,0,0.922011592831,6566625,9610,1,66.7,0,0.135480250509
164,Yehu Microfinance Trust,1,3.0,2010-03-30T20:50:03Z,0,0.120443483747,5880200,15803,1,24.3,0,0.010971565593
165,"HOPE Congo S.A., a HOPE International institution",1,2.5,2010-06-02T20:40:03Z,0,0,2174725,936,1,25.7,0,0.196922369495
166,CHF International Access to Credit Services Initia,1,3.5,2010-09-29T19:50:10Z,6.50896861487,0.150555132008,3955325,1694,1,66.4,6.50896861487,0
167,PADECOMSM,1,3.5,2010-05-21T17:10:04Z,2.75306429228,1.86209811961,5353800,10015,1,32.1,6.3833369106,0
168,FAMA OPDF,0,0.0,2010-05-29T18:40:03Z,0,0.375637013219,349875,388,1,33.7,0,0
169,SEF International,1,4.0,2010-05-25T15:40:03Z,0.156697002166,0.137690918813,6685725,3459,1,27.3,0.977363740412,0.103584876734
170,Amasezerano Community Banking S.A.,0,0.0,2010-06-16T07:20:05Z,0,5.24198668346,1528175,1257,1,78,0,0.0186418440296
171,Bai Tushum Bank CJSC,1,4.0,2010-07-06T21:50:03Z,0.0569307874715,0.106771855602,6351075,4355,1,160.5,0.430870354584,0.875539967643
172,Capital Aid Fund for Employment of the Poor (CEP),1,4.0,2011-06-16T00:40:04Z,0.629659287729,0.00411868889051,2582175,3154,1,17.2,11.0460296781,0
173,LiftFund,1,3.5,2010-10-20T07:11:47Z,6.55302965536,19.1477780499,2006850,444,1,33.8,35.6847189468,0
174,Tamweelcom,0,4.0,2010-12-02T17:50:11Z,100,1.00367601246,1363000,1485,1,12,100,0
175,Koret Israel Economic Development Funds (KIEDF),1,1.5,2010-12-08T12:30:07Z,12.4652729254,6.04953411765,1138525,333,1,0,41.7929278072,0.083968292308
176,MiCredito,1,3.0,2010-12-01T16:10:12Z,0.288022720706,0.565537268857,2128950,3271,1,95.4,0.46965267334,0
177,Interactuar,1,3.5,2010-12-16T21:50:11Z,1.95763114084,3.48935560799,6956375,8513,1,24.9,20.7937949507,1.54915110241
178,Womens Development Businesses (WDB),0,0.0,2010-11-29T18:20:10Z,0,0,115375,108,1,0,0,0.102907908992
179,Finadev Benin,0,0.0,2010-12-06T18:50:10Z,0,0,357400,428,1,569.5,0,0
180,Transcapital,0,3.0,2010-12-28T22:00:13Z,0,0.0597285581169,619200,421,1,58.7,0,1.51691698966
181,LLC Micro Finance Organization Credo,1,4.0,2011-01-23T17:20:08Z,0.270854344289,0.0467835018456,5925925,4385,1,26.7,1.27026414551,0.170776714184
182,BRAC Liberia Microfinance Company Limited,1,2.5,2011-04-06T01:50:04Z,96.043415018,0.619714848134,1987450,6734,1,63.4,100,0.40614556341
183,BRAC Sierra Leone Microfinance Company Limited,1,2.5,2011-03-24T17:20:04Z,83.0733453049,1.00935060295,1383775,3690,1,35.3,100,0
184,MicroKing Finance,1,3.0,2011-03-30T18:10:05Z,58.3558726808,3.91345314065,1968275,1280,1,173.3,98.652076323,0
185,National Microfinance Bank,1,3.5,2011-03-30T22:00:05Z,0.748352743262,0.682588085388,4638875,4393,1,13.3,2.90216694446,0
186,Grameen America,0,2.0,2011-03-25T14:50:03Z,0,0,29000,10,1,0,0,0
187,Micro Start/AFD,1,1.0,2011-04-21T20:50:02Z,1.9882617851,0.362464390377,1092075,1058,1,211.2,7.54575040871,0.58189410068
188,VisionFund Ecuador,1,4.0,2011-04-28T20:20:03Z,0.487110406896,0,1833400,1628,1,13.4,2.3685018167,0
189,VisionFund Indonesia,0,0.0,2011-05-27T16:10:05Z,0,6.67689696147,294550,335,1,4,0,0.80194534035
190,Fundacion Alternativa,1,3.5,2011-07-05T15:40:02Z,1.33965461287,1.73253978731,981050,935,1,40,1.56113696604,0
198,Maya,1,1.5,2011-08-12T23:40:04Z,0,0.461641362331,182900,349,1,5.2,0,0.669912520503
199,CrediCampo,1,3.5,2011-09-08T03:20:03Z,3.0673227157,0.349641552968,5095175,7303,1,37.6,5.62866289265,0
200,ASI Federal Credit Union,1,3.5,2011-08-28T11:40:03Z,1.5235679526,36.6228124031,372500,60,1,17.8,3.07046157761,0
201,Organizacion de Desarrollo Empresarial Femenino (O,1,4.0,2011-10-09T01:10:05Z,4.67007544874,0.490903023105,2081000,2980,1,71.5,7.1389051104,0.0376463238827
202,One Acre Fund,1,0,2011-09-20T04:50:02Z,0,2.6097254246,3980300,3842,1,0,0,0
203,Milango Financial Services,0,2.5,2011-09-28T23:30:05Z,95.5290573595,3.80729988236,1378325,3143,1,27.92,100,0
204,VisionFund Cambodia,1,4.0,2011-09-24T00:20:05Z,0.20420969382,0.00331593305835,7465550,10897,1,34,1.55807120977,0
205,Al-Amal Microfinance Bank,1,3.5,2011-11-02T07:30:05Z,0.188416208601,0.541022835715,2946850,3598,1,16.5,0.78728895124,0
206,Finance South Sudan Limited,1,1.5,2011-10-27T05:30:04Z,100,5.47384654699,476575,730,1,28.8,100,4.48239626502
207,VisionFund AzerCredit LLC,1,4.0,2011-11-29T00:30:04Z,37.4016140058,0,637700,430,1,13.2,97.1992551538,0.701806492081
208,Mbinga Community Bank,0,0.0,2011-11-11T21:50:19Z,0,0,0,1,1,0,0,0
210,Zoona (Zambia),1,0,2012-01-27T22:20:03Z,0.0906472692283,6.53984802087,657000,352,1,0,0.0906472692283,2.44192541857
211,Maharishi Education for Invincibility Trust,1,0,2012-06-28T16:05:02Z,0.293521031862,0,318950,162,0,0,11.6899573584,1.05251920364
212,Barefoot Power,1,0,2012-05-15T21:10:02Z,21.3686378094,14.7107990639,560100,29,0,0,22.5862377822,0
213,BrazAfric,1,0,2012-08-21T05:20:02Z,6.9939806988,0,16300,12,1,0,47.0936370479,0
214,Fenix International,0,0.0,2013-08-01T18:00:02Z,0,0,9075,2,1,0,0,0
215,"MDO Arvand, LLC",1,4.0,2011-11-29T17:10:05Z,1.11962341564,0,1567075,1706,1,91.5,2.19081199237,0.128884705582
216,Relief International Microfinance Iraq,1,2.5,2011-12-23T04:30:08Z,0.00199273004314,1.48909395973,1275800,309,1,62.9,10.1606841975,0
217,ACEP Cameroun,1,4.0,2012-03-30T02:40:05Z,0,3.44218456123,528400,1423,1,210.1,0,0.582534065102
218,Strathmore University,1,0,2012-02-03T18:10:02Z,0.0489700982563,2.65405570061,533800,68,1,0,0.0489700982563,0.00034469838891
219,PT Rekan Usaha Mikro Anda (Ruma),1,0,2012-04-25T02:10:03Z,0,0,495000,807,0,0,0,0.792092929293
220,ASPIRE,0,3.0,2012-05-29T08:00:08Z,0,0.327776068902,81275,124,1,10.8,0,0.00734543217472
222,UGAFODE Microfinance Limited,1,3.5,2012-04-25T23:20:04Z,7.62883355499,0.413297902901,2921600,2892,1,162,14.8943964716,0.199228162651
224,Union Regional de Huatusco,0,0,2012-04-27T17:20:03Z,100,0,331675,478,1,0,100,0
225,Novica,1,0,2012-06-07T03:00:07Z,0,0,684550,593,0,0,0,0
226,Sistema Biobolsa,1,0,2012-05-04T18:01:05Z,22.9705391317,1.01012271973,391950,405,0,0,23.1271294933,0.163002934048
227,Agro Capital Management LLC,1,2.5,2012-05-24T04:10:03Z,52.5938486279,20.3613917397,339800,166,1,0,61.6037544921,2.71514125956
228,"Valley Economic Development Center, Inc. (VEDC)",1,3.0,2012-06-26T06:00:04Z,1.8784438624,42.3551090014,623875,112,1,73.4,12.9299151626,0
229,Entrepreneurs du Monde,1,0,2012-08-01T18:01:44Z,0,0,62350,20,0,0,0,0
230,Nirdhan Utthan Bank Limited (NUBL),0,0.0,2012-08-03T16:30:14Z,0,0,21775,40,1,53.9,0,1.41791044776
231,ID Ghana,1,2.5,2012-05-11T13:20:03Z,0.575391401123,0.117472989631,1761825,1472,1,11,0.575391401123,3.30166503484
237,Colfuturo,1,0,2012-08-31T15:30:05Z,8.74486388229,0,32550,33,0,0,32.1921621963,2.73760368664
238,WSDS-Initiate,1,2.0,2012-08-15T11:00:03Z,0,0,637775,383,1,8.9,0,0
239,VisionFund Albania,1,1.5,2012-05-17T14:30:03Z,1.31101344912,2.66684534169,2111225,1581,1,19.5,4.87570206906,0.921834479982
240,KosInvest,1,3.0,2012-05-14T09:10:03Z,1.76397423235,2.60434983804,1610925,1141,1,47.8,6.21170807887,1.09154616137
241,People's Forum,1,3.0,2012-08-15T11:00:02Z,0,0,1677575,1013,1,136,0,0
242,Mahashakti Foundation,1,3.5,2012-08-15T11:00:03Z,0,0,812150,421,1,8.3,0,0
243,Tuba Rai Metin,1,3.5,2012-05-30T15:00:16Z,2.33527880139,0.324754461928,1508950,1703,1,11,3.97922634708,0
244,CampoAlto,0,0.0,2012-08-08T08:00:01Z,0,0.0377016174641,221025,655,0,0,0,0
245,Kashf Foundation,1,3.5,2012-07-09T17:30:05Z,0.12385498242,0.0954156425993,2786700,7747,1,9.2,0.166930322091,0.0110191265655
246,ADICLA,1,3.0,2012-08-29T21:10:01Z,0.573923709664,0,1309250,1379,1,36.2,1.89676416388,0
247,BRAC Pakistan,1,3.5,2012-08-03T03:00:02Z,0.00896480887815,0,3173450,5855,1,9.4,0.204119686427,0.000497880855221
248,Frogtek,0,0.0,2012-08-03T17:50:06Z,0,0,1725,9,0,0,0,0
249,Accion San Diego,1,3.0,2012-09-05T01:30:02Z,0,8.86063805253,850675,171,1,23.9,0,0
253,Yayasan Sosial Bina Sejahtera,1,0,2012-08-14T16:50:02Z,0,0,386975,284,1,0,0,0.433438852639
254,African Leadership Academy,1,0,2012-09-14T20:40:02Z,0,0,17500,35,0,0,0,0
255,Solar Sister,1,0,2012-12-10T05:50:01Z,0,0,3650,12,0,0,0,0
257,Visionary Empowerment Programme,1,0,2012-09-25T22:10:01Z,41.0743397477,0,162750,84,1,0,100,0.000282642089094
258,Sanergy,1,0,2012-09-17T15:40:01Z,3.72737031309,22.7727550048,121725,189,1,0,24.1959064327,0
259,Grameen Foundation AppLab,1,0,2012-11-06T19:00:44Z,2.88611133072,78.0492307692,170050,644,0,0,71.8023794085,0.377947662452
260,EarthSpark International,1,0,2012-12-06T23:30:03Z,1.41867375186,0,187850,490,0,0,100,0.0878413627895
261,AgDevCo,1,0,2012-11-30T21:50:01Z,0,0,25275,13,1,0,0,0
262,Junior Achievement Kenya,1,0,2013-07-29T18:40:14Z,33.5021226536,0,3800,7,1,0,100,0
263,Nazava Water Filters,1,0,2012-11-15T01:20:13Z,0,0,62700,38,0,0,0,0.0561881977671
264,Vittana,0,0.0,2012-11-29T21:10:02Z,0,0,258025,258,0,0,0,0
265,Latino Economic Development Center,1,2.5,2013-01-08T06:50:02Z,10.6470985829,22.4135151314,290775,43,1,16.9,76.9967745397,0
266,Fresno Community Development Financial Institution,1,0,2012-12-13T17:30:26Z,4.01681026924,0,70600,14,1,0,30.6498623416,0
267,Working Solutions,1,0,2013-04-02T07:10:09Z,0,0,20000,3,1,0,0,0
268,Pacific Asian Consortium in Employment,1,0,2013-01-28T21:00:01Z,6.63534210589,71.8639,74450,11,1,0,100,0
269,COMIXMUL,0,3.5,2013-01-07T17:30:02Z,3.76016463876,0.346051850386,1775875,1777,1,107.6,7.44363019609,0.190019567819
270,FUNDECOCA,0,2.5,2013-02-26T04:20:01Z,0,0,7500,5,1,20.5,0,0
271,Nuru Energy,0,0,2013-01-08T19:30:01Z,0,0,12850,204,0,0,0,0
272,Motorbank Kenya,0,0,2012-12-19T22:30:02Z,80.6206850797,67.1484736091,71900,105,1,0,100,2.78164116829e-05
273,Maya Mountain Cacao,1,0,2012-12-20T22:50:02Z,2.14408909517,1.74854288093,133625,188,1,0,76.2058282416,0
274,Yellow Leaf Hammocks,1,0,2012-12-19T20:30:01Z,0,0,74275,57,0,0,0,0
275,ERES Energía Renovable,1,0,2012-12-20T20:00:02Z,28.8802084688,11.2782213813,47875,137,1,0,54.6464924919,0.271749347258
276,One Degree Solar,1,0,2012-12-17T23:00:06Z,0,0,84950,10,1,0,0,0
277,Honey Care Africa,1,0,2012-12-27T21:00:03Z,0,0,257875,936,1,0,0,0
278,Plasticos Foundation,0,0.0,2013-04-01T20:40:02Z,0,0,3900,4,0,0,0,0
279,TECNOSOL,1,0,2013-07-02T19:00:03Z,7.24151308895,5.53153318078,101025,205,1,0,23.8353357581,0
280,Angaza Design,0,0.0,2013-03-11T16:30:01Z,0,0,400,2,0,0,0,0
281,Rent-to-Own,1,0,2013-03-01T23:50:03Z,63.2129079862,3.25497147872,91100,120,1,0,80.6010140823,0.808913282108
282,KOMAZA,1,0,2013-01-24T00:00:01Z,0,0,550975,227,0,0,0,0
285,Jerusalem Interest-Free Microfinance Fund Limited,1,0,2013-01-31T02:00:02Z,0,0,59075,14,0,0,0,0.0119170545916
286,Paradigm Project,1,0,2013-03-01T23:50:03Z,0,0,35625,7,1,0,0,0
287,Youth Initiative for Community Empowerment,1,0,2013-02-27T00:50:01Z,2.26372336353,0,17550,44,1,0,6.89039173153,0.378005698006
288,Babban Gona Farmers Organization,1,1.5,2013-03-11T16:50:02Z,0,0,431175,3141,1,0,0,0.0247161825245
289,Arab Center for Agricultural Development (ACAD),1,0,2013-07-08T20:40:12Z,8.32976012265,0,54800,21,1,88.5,100,0
290,UpEnergy,1,0,2013-04-10T13:00:02Z,0,0,23475,14,0,0,0,0.000851970181044
291,Advans Côte d'Ivoire,0,2.5,2013-05-23T14:10:10Z,0,0,69425,47,1,0,0,0
292,Fundacion Namaste Guatemaya,1,0,2013-06-24T23:50:04Z,3.91221606557,0,124250,61,1,0,24.7562680528,0
293,Lumni Chile,0,0,2013-05-29T22:00:05Z,0,99.2681240768,16925,6,1,0,0,1.25163958641
294,Kubo.financiero,1,0,2013-05-02T20:50:01Z,1.25285260569,5.17896038396,485700,500,1,0,3.27215998785,0.506909614989
295,PAC,1,0,2013-06-21T19:50:04Z,0,0,165275,122,1,0,0,0.000786567841476
296,Assilassimé Solidarité,1,0,2013-07-19T07:50:02Z,0,0,183850,996,1,0,0,0.603127549633
298,FUNDAPEC,1,3.5,2013-06-06T18:00:03Z,0,0,589275,95,1,0,0,0
299,Practical Empowerment & Networking Youth Associati,1,0,2013-06-05T22:20:01Z,39.9037181597,30.0200903614,57700,42,1,0,67.3002886835,0
300,Stichting SEVA Microfinance Institute,1,0,2013-07-17T17:30:16Z,6.49321750901,0,521325,198,1,0,14.029221847,0
301,Ecoblock International,1,0,2013-08-13T00:00:06Z,0,0,98125,116,1,0,0,0.451638216561
302,myAgro,1,0,2013-07-09T16:40:03Z,0,0,50400,126,1,0,0,0.0401388888889
304,Kopernik,1,0,2013-06-14T21:20:02Z,0,0,54800,71,0,0,0,0.367354014599
305,Camfed Zimbabwe,1,0,2013-08-15T15:20:04Z,70.9914414872,0.127227101631,895500,1745,0,0,87.9751417591,0
306,Planting Empowerment,1,0,2013-06-24T00:50:02Z,0,0,48000,7,1,0,0,0
307,Village Infrastructure Angels,1,0,2014-05-19T21:40:05Z,19.1945730188,0,9250,4,1,0,100,0.273405405405
309,African Solar Rise,1,0,2013-06-27T18:00:22Z,0,0,58200,10,1,0,0,0
310,MEC Delta,0,0.0,2014-01-24T09:30:02Z,0,0,39225,49,1,0,0,0.344627151052
311,iDE - Cambodia,1,0,2014-02-04T23:20:02Z,0,0,155475,1257,1,0,0,0
312,Abaarso School of Science and Technology,0,0,2013-08-09T18:00:02Z,17.0166513564,0,27000,40,1,0,100,0
313,Investisseurs & Partenaires,1,0,2014-04-02T06:30:02Z,0,0,15000,1,1,0,0,0
315,Yunus Social Business (YSB),1,0,2013-08-16T15:20:02Z,0,100,173900,4,1,0,0,0
316,Intersect Fund,1,0,2013-07-15T05:30:02Z,1.26452558838,0,361275,85,1,0,24.5601110662,0
317,Fundación CREHO,1,0,2013-08-08T22:10:11Z,0.218112015284,0,117050,42,1,0,2.25676383634,0
319,African Entrepreneur Collective (AEC),1,0,2013-07-31T17:30:22Z,23.6795956558,0,236425,20,1,0,30.1221095721,0
321,Izdiharona for Economic Development,0,3.5,2013-08-10T03:00:01Z,75.912593063,0,2334750,952,1,0,100,0
322,iSmart Kenya,1,0,2013-12-17T17:50:04Z,21.0097225251,0,73850,36,0,0,36.8052905257,0
323,TAHUDE Foundation,0,0,2013-08-22T18:10:02Z,63.3239038561,0,98750,35,1,0,100,0
324,Evidence Action,1,0,2013-09-09T21:20:02Z,0,0,799950,519,0,0,0,0
325,Kaaba Microfinance Institution,1,0,2013-10-22T17:10:07Z,0,0,118375,141,1,0,0,0
326,American University of Central Asia,1,0,2013-08-30T19:40:03Z,0.0527696311679,0,297100,265,0,0,2.4254083054,0
327,FUNDA-PRO,1,0,2013-09-19T15:30:01Z,0,0,108925,68,1,0,0,0
328,Pana Pana,1,0,2013-10-04T15:20:02Z,3.2312581815,0.579162601626,385975,598,1,0,6.69758320898,0.000435261351124
329,Impact Carbon,1,0,2013-09-26T06:00:01Z,0.3237479084,0,362300,247,1,0,2.31066904775,0.099293403257
330,Federación Campesina del Cauca FCC,1,0,2013-09-26T19:40:02Z,0,0,29425,16,1,0,0,1.55055225149
331,Thrive Networks - Vietnam,1,2.5,2013-09-24T20:20:02Z,0,0,333750,86,1,0,0,0
332,NOTS Lampe Solaire,1,0,2013-09-20T18:20:03Z,0,0,98975,4,0,0,0,0.634281384188
333,CONFRAS,1,0,2013-11-22T00:00:02Z,28.0417491288,0,27750,15,1,0,28.0417491288,0
334,Belghoria Janakalyan Samity,1,3.0,2013-10-25T18:40:02Z,0,0,358600,1677,1,0,0,0
335,StoveTeam International,0,0.0,2013-11-26T18:30:06Z,0,0,2650,1,1,0,0,0
336,Nuru International,0,0,2013-11-28T03:10:10Z,0,23.2116206653,70650,340,1,0,0,0
337,Banco Pérola,1,0,2013-10-17T15:40:04Z,0,0,85125,67,1,0,0,1.80641409692
339,Habitat for Humanity Mexico,1,0,2013-12-17T00:50:05Z,6.66107453273,0,46400,21,1,0,100,0.336961206897
340,PowerGen Renewable Energy,1,0,2013-12-26T23:00:03Z,0,0,49850,5,1,0,0,0
341,EcoZoom,1,0,2014-07-09T07:40:02Z,9.86044892441,0,28000,7,0,0,9.86044892441,0
342,Entrepreneurs du Monde - Anh Chi Em,1,0,2013-12-13T22:30:14Z,0.9921923899,0,242425,121,1,0,4.03781935119,0
343,WANA Solutions,0,0,2013-12-09T21:10:03Z,83.9785039951,0,43100,299,1,0,100,0.216844547564
344,Uberis Capital,1,0,2014-07-07T22:10:07Z,5.9999,0,20000,1,1,0,100,0
345,MicroEnergy Credits,1,0,2013-12-12T22:50:03Z,0,0,50000,1,1,0,0,0
346,Grameen Ghana,1,0,2014-02-28T23:10:10Z,0,0,222950,83,1,0,0,2.18230544965
347,Micrograam,1,0,2014-03-14T22:10:07Z,0,0,287900,495,1,0,0,0
348,Etkie,1,0,2013-12-17T00:50:05Z,16.666,0,4000,2,0,0,100,0
350,Fledge,1,0,2014-04-30T20:10:17Z,6.58399176955,0,25500,3,1,0,38.2716049383,0
351,BagoSphere Ph Inc,1,0,2014-02-03T22:30:06Z,2.16310292617,0,44750,115,0,0,7.58451236384,0
353,Indigenous Designs,1,0,2014-04-22T20:00:05Z,24.9993023256,0,4300,3,0,0,100,0
354,ayzh,1,0,2014-03-10T17:40:08Z,83.3236630037,0,13650,14,0,0,100,0
355,Angkor Community Fund,0,0.0,2014-02-19T08:50:02Z,0,0,2550,4,1,0,0,0
356,iSchool Zambia,1,0,2015-02-28T07:00:05Z,0,0,13300,3,1,0,0,0
357,Alivio Capital,1,0,2014-08-09T07:50:02Z,0,0,47200,79,1,0,0,0.238601694915
358,Instituto Peruano de Fomento Educativo,1,0,2014-04-07T21:40:02Z,0,0,295250,84,1,0,0,0.0129381879763
359,Vahatra,1,0,2015-03-02T15:20:07Z,0,0,32250,54,1,0,0,0
360,Ensibuuko,0,0,2014-03-27T15:20:18Z,44.3119141838,0,47025,58,1,0,100,0
361,Fairtrasa International,1,0,2014-10-15T12:10:04Z,0,0,2800,4,1,0,0,0
363,M7 Microfinance Institution Limited,1,0,2014-04-11T23:40:06Z,0,0,477425,156,1,0,0,0
364,Sjedi Green Energy,1,0,2014-05-21T16:40:04Z,59.81710869,0,34750,116,0,0,91.2160392042,0
365,Nke-Anyi Farmers Multipurpose Cooperative Society ,1,0,2014-04-04T11:50:02Z,0,0,58000,41,1,0,0,0.464431034483
367,Thrive Microfinance ltd,1,0,2014-05-08T09:50:02Z,1.42374063739,0,256125,160,1,0,1.72215082978,0
368,El Buen Socio,1,0,2014-04-10T20:30:07Z,1.78595238302,0,61950,16,1,0,33.0248822672,0.784535916061
369,Asociación Chajulense de Mujeres - Unidas por la ,1,0,2014-05-27T14:10:09Z,0,0,71175,15,1,0,0,0
370,ACCIONA Microenergía México,1,0,2014-05-09T15:10:03Z,4.00872806336,0,47975,123,1,0,52.2971579438,0.306659718603
372,Wedu,1,0,2014-09-23T16:40:04Z,0,0,1725,2,0,0,0,0
376,Ejido Verde Reserves,1,0,2014-10-14T19:50:04Z,0,0,200000,6,0,0,0,0
377,Emergency Relief & Development Overseas (ERDO),1,0,2014-07-07T07:40:02Z,0,0,51350,47,1,0,0,0
379,Camfed Tanzania,1,0,2014-08-22T06:30:02Z,0,0,97250,218,0,0,0,0.00814395886889
380,Fonkoze - Zafèn,1,0,2014-06-13T00:50:03Z,0.313687288937,0,219950,111,1,0,1.6517199109,0
381,MicroLoan Foundation (MLF) Malawi,1,0,2014-09-04T15:00:02Z,0,0,250200,120,1,0,0,0.263701039169
382,Microfy,1,0,2014-07-10T14:30:02Z,40.5054607143,0,10325,4,1,0,92.3911668445,0.930653753027
383,Youth Business St. Vincent and the Grenadines,1,0,2014-06-16T20:50:04Z,0,0,37575,13,1,0,0,0
384,Kingsbridge Microfinance Ltd,1,0,2014-06-05T16:10:06Z,0,0,56400,42,1,0,0,0.0814716312057
385,Living Goods,1,0,2014-06-24T19:10:05Z,100,0,3950,18,1,0,100,0
386,Kenya ECLOF,1,0,2014-05-29T13:30:02Z,0,0,65475,94,1,0,0,0
388,Hand in Hand Eastern Africa,1,0,2014-06-25T15:10:06Z,0,0.769747126437,196400,713,1,0,0,0
389,SEED Center Philippines Inc. Social Enhancement fo,1,0,2014-06-10T16:40:04Z,0,0,54925,86,1,0,0,0
390,"Soluz Honduras, S.A de C.V.",1,0,2014-06-21T07:50:06Z,1.3457805557,0,70850,99,1,0,3.71540273369,0.185871559633
391,Small Scale Livestock Livelihoods Program,1,0,2014-08-12T07:50:02Z,0,100,14575,33,1,0,0,0
392,ASA Initiative FNGO,1,0,2014-07-18T07:40:35Z,0,0,151325,132,1,0,0,0.0998909631588
393,TerraClear Development,1,0,2014-06-26T19:30:05Z,0.0198638289579,0,359800,336,0,0,0.417641578009,0
394,Quang Binh Women Development Fund,1,0,2014-06-10T17:00:13Z,0,0,63000,127,1,0,0,0
395,Solar and Energy Loan Fund,1,0,2014-07-15T06:20:01Z,0,0,52525,9,1,0,0,0
396,"African Connections,Ghana Ltd.",1,0,2014-07-03T17:20:08Z,100,0,50675,33,1,0,100,0
398,Agence Communautaire pour le Financement de la Mic,1,0,2014-07-03T07:40:02Z,0,0,247800,122,1,0,0,1.30999192897
401,Konfío,1,0,2014-08-09T07:50:02Z,0,0,28225,50,1,0,0,0.0433658104517
402,Programme d'Appui aux Initiatives de Développemen,1,0,2014-11-26T18:10:13Z,0,0,49925,97,1,0,0,0
403,SunFarmer,1,0,2014-07-11T18:20:31Z,0.807384213374,0,22900,2,1,0,38.9212367888,0
404,Ibdaa Microfinance SAL,1,0,2014-07-10T14:30:02Z,0,0,63500,45,1,0,0,0
405,Housing Finance Foundation,1,0,2014-09-30T07:50:02Z,0,0,26375,17,1,0,0,0
406,KPP-UMKM Syariah,1,0,2014-08-17T23:40:02Z,0,0,66625,126,1,0,0,0.00774484052533
407,Kamworks,1,0,2014-09-18T22:50:03Z,0,0,39450,61,1,0,0,0
409,MILAMDEC Foundation,1,0,2015-01-10T04:10:03Z,0,0,1500,6,1,0,0,0
411,South Pacific Business Development Microfinance (S,1,0,2014-11-11T18:50:04Z,0,0,31800,52,1,0,0,0
412,The Alliance for Artisan Enterprise at The Aspen I,1,0,2014-10-14T05:50:02Z,0,0,22525,4,1,0,0,0
413,MFO Priminvestnord LLC,1,0,2014-09-23T20:00:18Z,0,0,23950,9,1,0,0,1.00196242171
415,Socios en Salud Perú (Partners in Health),1,0,2014-09-12T22:40:14Z,0,0,4550,8,0,0,0,0
416,Proximity Designs,1,2.5,2014-07-31T17:30:28Z,0.66205550257,0,799000,140,1,0,0.66205550257,0.0427183979975
417,Emerging Cooking Solutions Zambia ltd,1,0,2014-08-12T07:50:03Z,100,0,8525,8,0,0,100,0.058064516129
418,Ghana Women Fund Ltd,1,0,2014-12-19T08:50:06Z,0,0,39200,56,1,0,0,0.151836734694
421,Buksh Foundation,1,0,2015-02-28T01:20:04Z,0,0,10775,34,1,0,0,0
422,Women & Youth Empowerment (WOYE) Microfinance Inst,1,0,2014-10-23T11:50:02Z,0,0,49250,110,1,0,0,0
423,Yayasan Rumah Energi,1,0,2014-09-23T16:40:05Z,0,0,26600,9,1,0,0,0.00315789473684
428,Milaap,1,0,2014-12-09T12:20:05Z,0,0,61600,56,1,0,0,0
429,NESsT,1,0,2015-04-08T22:10:03Z,0,0,35000,1,0,0,0,0
430,EthicCapital Credit Union,1,0,2014-10-17T03:20:03Z,0,0,28200,13,1,0,0,0
431,Nexus Carbon for Development,1,0,2014-10-16T22:20:06Z,0,0,35000,1,1,0,0,0
432,MicroCred China Ltd.,1,0,2014-11-11T17:40:05Z,0,0,71050,29,1,0,0,0
435,Fondesurco,1,0,2014-12-11T00:10:02Z,0,0,8675,13,1,0,0,0
436,Takamoto Biogas,1,0,2014-11-20T08:50:02Z,0.203363442253,0,12925,16,1,0,7.35628530825,0
437,"Elephant Energy, Inc.",1,0,2015-03-25T14:00:04Z,0,0,8300,2,1,0,0,0
438,Réseau de Micro-institutions de Croissance de Rev,1,3.0,2015-01-16T23:50:03Z,0,0,281675,122,1,0,0,0
439,Soieries du Mékong,1,0,2014-12-02T03:50:01Z,0,0,4600,13,0,0,0,0
440,Together Association for Development and Environme,1,0,2014-12-03T20:40:02Z,0,0,64000,87,1,0,0,0
442,Entrepreneurs du Monde - Palmis Mikwofinans Sosyal,1,0,2015-03-23T19:00:21Z,0,0,10450,13,1,0,0,0
443,Crédit Epargne Formation (CEFOR),1,0,2015-02-09T12:50:02Z,0,0,15100,37,1,0,0,0
444,Zoona (Malawi),1,0,2015-01-24T00:40:17Z,0,0,84250,58,1,0,0,0
445,Siza Capital SA,1,0,2015-01-30T17:50:02Z,0,0,41775,33,1,0,0,0
446,Asociación de Productores de Tara del Norte (APTN,1,0,2015-03-19T08:00:03Z,0,0,9975,7,1,0,0,0
447,SPIRE Education Limited,1,0,2015-03-12T10:20:03Z,0,0,11550,26,1,0,0,0
448,COCAFCAL,1,0,2015-03-24T22:20:06Z,0,0,20700,14,1,0,0,0
449,Dr. Bronner's / Serendipalm,1,0,2015-04-14T17:50:03Z,0,0,150,1,1,0,0,0
